1,24.49,86.96000000000001,52.0 , 11/4/2016 , 18:10:30
2,27.54,86.98500000000001,44.8 , 11/4/2016 , 18:15:30
3,29.02,86.94600000000001,40.9 , 11/4/2016 , 18:20:30
4,29.89,86.93700000000001,39.5 , 11/4/2016 , 18:25:30
5,30.6,86.94500000000001,38.0 , 11/4/2016 , 18:30:30
6,30.97,86.96100000000001,37.2 , 11/4/2016 , 18:35:30
7,31.33,86.941,36.3 , 11/4/2016 , 18:40:30
8,31.55,86.93900000000001,36.0 , 11/4/2016 , 18:45:30
9,31.68,86.947,35.5 , 11/4/2016 , 18:50:30
10,31.85,86.95,35.3 , 11/4/2016 , 18:55:30
11,31.74,86.959,35.2 , 11/4/2016 , 19:0:30
12,31.83,86.991,35.0 , 11/4/2016 , 19:5:30
13,31.91,86.986,34.5 , 11/4/2016 , 19:10:30
14,31.91,87.001,34.5 , 11/4/2016 , 19:15:31
15,31.89,87.0,34.5 , 11/4/2016 , 19:20:31
16,32.06,87.01,34.4 , 11/4/2016 , 19:25:31
17,32.04,87.00800000000001,34.5 , 11/4/2016 , 19:30:31
18,32.08,87.0,34.7 , 11/4/2016 , 19:35:31
19,32.02,87.02100000000002,34.5 , 11/4/2016 , 19:40:31
20,32.06,87.031,34.4 , 11/4/2016 , 19:45:31
21,32.06,87.018,34.3 , 11/4/2016 , 19:50:31
22,32.11,87.019,34.0 , 11/4/2016 , 19:55:31
23,32.1,87.024,33.8 , 11/4/2016 , 20:0:31
24,32.17,87.025,33.9 , 11/4/2016 , 20:5:32
25,32.21,87.037,34.3 , 11/4/2016 , 20:10:32
26,32.32,87.07400000000001,34.5 , 11/4/2016 , 20:15:32
27,32.34,87.09,34.4 , 11/4/2016 , 20:20:32
28,32.4,87.056,34.0 , 11/4/2016 , 20:25:32
29,32.43,86.968,34.1 , 11/4/2016 , 20:30:32
30,32.49,87.02000000000001,35.0 , 11/4/2016 , 20:35:32
31,32.56,87.03200000000001,33.8 , 11/4/2016 , 20:40:32
32,32.49,87.025,33.9 , 11/4/2016 , 20:45:32
33,32.6,87.001,33.7 , 11/4/2016 , 20:50:32
34,32.49,87.022,33.6 , 11/4/2016 , 20:55:33
35,32.53,87.00900000000001,33.7 , 11/4/2016 , 21:0:33
36,32.51,87.00800000000001,33.6 , 11/4/2016 , 21:5:33
37,32.51,86.998,33.0 , 11/4/2016 , 21:10:33
38,32.4,86.989,33.4 , 11/4/2016 , 21:15:33
39,32.3,87.007,33.2 , 11/4/2016 , 21:20:33
40,32.3,86.992,33.1 , 11/4/2016 , 21:25:33
41,32.21,86.988,33.7 , 11/4/2016 , 21:30:33
42,32.3,87.001,34.1 , 11/4/2016 , 21:35:33
43,32.19,87.00800000000001,33.6 , 11/4/2016 , 21:40:33
44,32.26,87.02300000000001,33.8 , 11/4/2016 , 21:45:33
45,32.21,87.018,32.7 , 11/4/2016 , 21:50:34
46,32.3,87.01400000000001,33.9 , 11/4/2016 , 21:55:34
47,32.23,86.998,33.8 , 11/4/2016 , 22:0:34
48,32.15,87.001,33.8 , 11/4/2016 , 22:5:34
49,32.23,87.02100000000002,33.8 , 11/4/2016 , 22:10:34
50,32.32,87.04,33.6 , 11/4/2016 , 22:15:34
51,32.21,87.039,34.0 , 11/4/2016 , 22:20:34
52,32.45,87.055,33.4 , 11/4/2016 , 22:25:34
53,32.36,87.07000000000001,33.6 , 11/4/2016 , 22:30:34
54,32.17,87.06200000000001,33.5 , 11/4/2016 , 22:35:34
55,32.32,87.03300000000002,33.7 , 11/4/2016 , 22:40:34
56,32.32,87.029,33.5 , 11/4/2016 , 22:45:34
57,32.32,87.02600000000001,34.0 , 11/4/2016 , 22:50:35
58,32.32,87.017,33.6 , 11/4/2016 , 22:55:35
59,32.38,87.02000000000001,33.6 , 11/4/2016 , 23:0:35
60,32.43,87.016,33.5 , 11/4/2016 , 23:5:35
61,32.41,87.02600000000001,33.2 , 11/4/2016 , 23:10:35
62,32.45,87.01,33.8 , 11/4/2016 , 23:15:35
63,32.6,87.004,34.1 , 11/4/2016 , 23:20:35
64,32.6,87.012,33.7 , 11/4/2016 , 23:25:35
65,32.62,87.012,32.1 , 11/4/2016 , 23:30:35
66,32.6,86.993,33.5 , 11/4/2016 , 23:35:35
67,32.55,86.98500000000001,33.6 , 11/4/2016 , 23:40:35
68,32.51,86.97500000000001,33.3 , 11/4/2016 , 23:45:36
69,32.53,86.968,33.3 , 11/4/2016 , 23:50:36
70,32.51,86.95800000000001,35.2 , 11/4/2016 , 23:55:36
71,32.58,86.953,33.4 , 11/5/2016 , 0:0:36
72,32.47,86.959,33.4 , 11/5/2016 , 0:5:36
73,32.49,86.965,33.4 , 11/5/2016 , 0:10:36
74,32.45,86.95400000000001,33.5 , 11/5/2016 , 0:15:36
75,32.4,86.95400000000001,33.6 , 11/5/2016 , 0:20:36
76,32.34,86.959,33.1 , 11/5/2016 , 0:25:36
77,32.34,86.941,32.7 , 11/5/2016 , 0:30:36
78,32.3,86.94,33.5 , 11/5/2016 , 0:35:36
79,32.38,86.93400000000001,33.4 , 11/5/2016 , 0:40:36
80,32.32,86.929,33.6 , 11/5/2016 , 0:45:37
81,32.3,86.93900000000001,33.4 , 11/5/2016 , 0:50:37
82,32.23,86.929,33.1 , 11/5/2016 , 0:55:37
83,32.25,86.927,33.4 , 11/5/2016 , 1:0:37
84,32.21,86.93,33.7 , 11/5/2016 , 1:5:37
85,32.23,86.924,33.5 , 11/5/2016 , 1:10:37
86,32.28,86.92500000000001,33.3 , 11/5/2016 , 1:15:37
87,32.23,86.905,33.8 , 11/5/2016 , 1:20:37
88,32.26,86.902,33.5 , 11/5/2016 , 1:25:37
89,32.17,86.909,33.7 , 11/5/2016 , 1:30:37
90,32.26,86.903,33.7 , 11/5/2016 , 1:35:37
91,32.15,86.906,33.3 , 11/5/2016 , 1:40:38
92,32.15,86.90100000000001,33.5 , 11/5/2016 , 1:45:38
93,32.1,86.89800000000001,33.4 , 11/5/2016 , 1:50:38
94,32.0,86.89,33.5 , 11/5/2016 , 1:55:38
95,32.1,86.878,33.8 , 11/5/2016 , 2:0:38
96,32.19,86.88,33.7 , 11/5/2016 , 2:5:38
97,32.1,86.878,33.8 , 11/5/2016 , 2:10:38
98,32.11,86.881,33.8 , 11/5/2016 , 2:15:38
99,32.13,86.879,33.7 , 11/5/2016 , 2:20:38
100,31.98,86.87400000000001,33.9 , 11/5/2016 , 2:25:38
101,32.06,86.88400000000001,33.8 , 11/5/2016 , 2:30:38
102,31.89,86.868,33.6 , 11/5/2016 , 2:35:38
103,31.95,86.875,33.9 , 11/5/2016 , 2:40:38
104,32.04,86.876,34.1 , 11/5/2016 , 2:45:38
105,32.11,86.87200000000001,33.8 , 11/5/2016 , 2:50:39
106,32.04,86.87400000000001,33.8 , 11/5/2016 , 2:55:39
107,32.02,86.86500000000001,34.4 , 11/5/2016 , 3:0:39
108,32.02,86.868,33.8 , 11/5/2016 , 3:5:39
109,32.06,86.86500000000001,34.0 , 11/5/2016 , 3:10:39
110,31.98,86.85700000000001,33.8 , 11/5/2016 , 3:15:39
111,31.95,86.861,34.6 , 11/5/2016 , 3:20:39
112,31.91,86.85300000000001,34.2 , 11/5/2016 , 3:25:39
113,32.0,86.84800000000001,34.0 , 11/5/2016 , 3:30:39
114,31.93,86.84500000000001,34.0 , 11/5/2016 , 3:35:39
115,31.95,86.84400000000001,33.6 , 11/5/2016 , 3:40:40
116,31.91,86.84,34.0 , 11/5/2016 , 3:45:40
117,31.98,86.837,31.7 , 11/5/2016 , 3:50:40
118,31.91,86.837,33.8 , 11/5/2016 , 3:55:40
119,31.85,86.82400000000001,33.8 , 11/5/2016 , 4:0:40
120,31.98,86.81900000000002,34.0 , 11/5/2016 , 4:5:40
121,31.89,86.813,34.1 , 11/5/2016 , 4:10:40
122,31.97,86.81,34.1 , 11/5/2016 , 4:15:40
123,32.04,86.805,33.6 , 11/5/2016 , 4:20:40
124,31.83,86.803,34.1 , 11/5/2016 , 4:25:40
125,32.0,86.796,33.8 , 11/5/2016 , 4:30:40
126,31.82,86.793,33.7 , 11/5/2016 , 4:35:40
127,31.85,86.78500000000001,34.5 , 11/5/2016 , 4:40:41
128,31.87,86.793,33.8 , 11/5/2016 , 4:45:41
129,32.04,86.78800000000001,33.9 , 11/5/2016 , 4:50:41
130,31.93,86.78200000000001,33.9 , 11/5/2016 , 4:55:41
131,31.98,86.79400000000001,33.8 , 11/5/2016 , 5:0:41
132,31.89,86.793,33.2 , 11/5/2016 , 5:5:41
133,31.89,86.78200000000001,33.6 , 11/5/2016 , 5:10:41
134,31.85,86.77600000000001,33.4 , 11/5/2016 , 5:15:41
135,31.91,86.784,33.9 , 11/5/2016 , 5:20:41
136,32.04,86.77600000000001,33.9 , 11/5/2016 , 5:25:41
137,31.83,86.778,33.8 , 11/5/2016 , 5:30:42
138,31.89,86.768,33.9 , 11/5/2016 , 5:35:42
139,31.89,86.767,33.7 , 11/5/2016 , 5:40:42
140,31.82,86.768,33.7 , 11/5/2016 , 5:45:42
141,31.83,86.769,33.5 , 11/5/2016 , 5:50:42
142,31.76,86.781,33.7 , 11/5/2016 , 5:55:42
143,31.97,86.769,33.8 , 11/5/2016 , 6:0:42
144,32.0,86.769,33.8 , 11/5/2016 , 6:5:42
145,32.04,86.769,33.5 , 11/5/2016 , 6:10:42
146,31.93,86.77100000000002,34.7 , 11/5/2016 , 6:15:42
147,31.98,86.769,33.4 , 11/5/2016 , 6:20:43
148,31.95,86.775,33.7 , 11/5/2016 , 6:25:43
149,32.25,86.78,33.5 , 11/5/2016 , 6:30:43
150,32.17,86.772,33.3 , 11/5/2016 , 6:35:43
151,32.02,86.778,33.5 , 11/5/2016 , 6:40:43
152,32.04,86.779,33.6 , 11/5/2016 , 6:45:43
153,32.06,86.78,33.7 , 11/5/2016 , 6:50:43
154,31.97,86.78,33.7 , 11/5/2016 , 6:55:43
155,31.93,86.78,33.6 , 11/5/2016 , 7:0:43
156,31.95,86.784,33.5 , 11/5/2016 , 7:5:43
157,31.93,86.78500000000001,32.4 , 11/5/2016 , 7:10:43
158,31.98,86.78800000000001,33.5 , 11/5/2016 , 7:15:44
159,31.93,86.78,33.8 , 11/5/2016 , 7:20:44
160,31.91,86.78800000000001,33.1 , 11/5/2016 , 7:25:44
161,32.0,86.79,33.7 , 11/5/2016 , 7:30:44
162,31.91,86.786,33.4 , 11/5/2016 , 7:35:44
163,31.93,86.787,33.3 , 11/5/2016 , 7:40:44
164,31.87,86.79,33.5 , 11/5/2016 , 7:45:44
165,31.95,86.796,33.5 , 11/5/2016 , 7:50:44
166,31.87,86.791,33.6 , 11/5/2016 , 7:55:44
167,31.97,86.799,33.6 , 11/5/2016 , 8:0:44
168,32.0,86.802,33.4 , 11/5/2016 , 8:5:44
169,31.83,86.799,33.7 , 11/5/2016 , 8:10:45
170,31.8,86.801,32.3 , 11/5/2016 , 8:15:45
171,31.91,86.79700000000001,33.6 , 11/5/2016 , 8:20:45
172,31.97,86.80900000000001,33.4 , 11/5/2016 , 8:25:45
173,31.89,86.81200000000001,33.4 , 11/5/2016 , 8:30:45
174,31.91,86.80700000000002,33.8 , 11/5/2016 , 8:35:45
175,31.93,86.805,33.5 , 11/5/2016 , 8:40:45
176,32.02,86.81200000000001,33.5 , 11/5/2016 , 8:45:45
177,31.97,86.813,33.4 , 11/5/2016 , 8:50:45
178,32.0,86.82000000000001,33.5 , 11/5/2016 , 8:55:46
179,31.95,86.82000000000001,33.5 , 11/5/2016 , 9:0:46
180,31.82,86.81700000000001,33.5 , 11/5/2016 , 9:5:46
181,31.98,86.82400000000001,33.3 , 11/5/2016 , 9:10:46
182,31.97,86.816,33.6 , 11/5/2016 , 9:15:46
183,32.04,86.82300000000001,33.7 , 11/5/2016 , 9:20:46
184,32.02,86.831,34.0 , 11/5/2016 , 9:25:46
185,32.02,86.834,33.6 , 11/5/2016 , 9:30:46
186,31.97,86.83300000000001,33.5 , 11/5/2016 , 9:35:46
187,31.87,86.82600000000001,33.4 , 11/5/2016 , 9:40:47
188,31.97,86.82900000000001,33.4 , 11/5/2016 , 9:45:47
189,32.08,86.831,33.2 , 11/5/2016 , 9:50:47
190,31.98,86.82600000000001,33.6 , 11/5/2016 , 9:55:47
191,31.89,86.818,33.5 , 11/5/2016 , 10:0:47
192,31.95,86.81400000000001,33.4 , 11/5/2016 , 10:5:47
193,31.93,86.808,33.7 , 11/5/2016 , 10:10:47
194,31.91,86.81,33.2 , 11/5/2016 , 10:15:47
195,31.83,86.81,33.6 , 11/5/2016 , 10:20:47
196,31.93,86.808,33.3 , 11/5/2016 , 10:25:47
197,31.91,86.799,33.6 , 11/5/2016 , 10:30:48
198,31.89,86.80000000000001,33.5 , 11/5/2016 , 10:35:48
199,31.93,86.793,33.3 , 11/5/2016 , 10:40:48
200,31.85,86.78,33.2 , 11/5/2016 , 10:45:48
201,31.74,86.784,32.6 , 11/5/2016 , 10:50:48
202,31.8,86.786,33.2 , 11/5/2016 , 10:55:48
203,31.85,86.78200000000001,33.3 , 11/5/2016 , 11:0:48
204,31.83,86.787,33.3 , 11/5/2016 , 11:5:48
205,31.8,86.78300000000002,34.1 , 11/5/2016 , 11:10:48
1,28.5,0.0,40.7 , 11/16/2016 , 21:16:14
1,25.6,0.0,39.9 , 11/17/2016 , 5:34:9
2,27.99,83.14,36.7 , 11/17/2016 , 5:37:9
3,29.79,83.13900000000001,35.9 , 11/17/2016 , 5:40:9
4,30.99,83.14,32.2 , 11/17/2016 , 5:43:9
5,31.89,83.147,30.8 , 11/17/2016 , 5:46:9
6,32.92,83.15100000000001,30.2 , 11/17/2016 , 5:49:9
7,33.54,83.153,29.1 , 11/17/2016 , 5:52:9
8,34.23,83.15800000000002,28.0 , 11/17/2016 , 5:55:9
9,34.81,83.16300000000001,27.3 , 11/17/2016 , 5:58:9
10,35.36,83.16900000000001,27.1 , 11/17/2016 , 6:1:9
11,35.77,83.21300000000001,20.6 , 11/17/2016 , 6:4:9
12,35.75,83.21300000000001,19.7 , 11/17/2016 , 6:7:10
13,35.21,83.206,20.0 , 11/17/2016 , 6:10:10
14,34.83,83.203,20.1 , 11/17/2016 , 6:13:10
15,34.66,83.20700000000001,19.7 , 11/17/2016 , 6:16:10
16,34.78,82.71000000000001,21.2 , 11/17/2016 , 6:19:10
17,35.41,83.178,22.9 , 11/17/2016 , 6:22:10
18,35.99,83.32300000000001,20.8 , 11/17/2016 , 6:25:10
19,36.95,84.529,20.0 , 11/17/2016 , 6:28:10
20,37.53,84.705,20.3 , 11/17/2016 , 6:31:10
21,38.2,85.03200000000001,20.4 , 11/17/2016 , 6:34:10
22,38.77,85.23200000000001,21.1 , 11/17/2016 , 6:37:10
23,39.27,84.936,21.0 , 11/17/2016 , 6:40:10
24,39.51,84.08200000000001,20.6 , 11/17/2016 , 6:43:11
25,39.8,84.738,20.3 , 11/17/2016 , 6:46:11
26,39.96,83.93900000000001,20.0 , 11/17/2016 , 6:49:11
27,40.08,85.04700000000001,21.0 , 11/17/2016 , 6:52:11
28,40.17,85.77000000000001,19.9 , 11/17/2016 , 6:55:11
29,40.41,86.342,20.0 , 11/17/2016 , 6:58:11
30,40.58,86.73700000000001,20.4 , 11/17/2016 , 7:1:11
31,40.71,87.37400000000001,20.1 , 11/17/2016 , 7:4:11
32,41.11,87.505,20.2 , 11/17/2016 , 7:7:11
33,41.05,86.955,19.8 , 11/17/2016 , 7:10:12
34,41.16,86.84500000000001,19.9 , 11/17/2016 , 7:13:12
35,41.09,86.86200000000001,19.1 , 11/17/2016 , 7:16:12
36,40.71,86.414,19.4 , 11/17/2016 , 7:19:12
37,40.75,86.004,21.1 , 11/17/2016 , 7:22:12
38,40.88,85.355,21.2 , 11/17/2016 , 7:25:12
39,41.03,84.72200000000001,21.5 , 11/17/2016 , 7:28:12
40,41.13,83.738,21.4 , 11/17/2016 , 7:31:12
41,41.16,84.55900000000001,20.8 , 11/17/2016 , 7:34:12
42,41.14,85.52300000000001,20.3 , 11/17/2016 , 7:37:12
43,41.11,85.56,21.7 , 11/17/2016 , 7:40:13
44,41.18,85.41300000000001,21.7 , 11/17/2016 , 7:43:13
45,41.18,85.265,20.1 , 11/17/2016 , 7:46:13
46,41.05,85.268,19.2 , 11/17/2016 , 7:49:13
47,40.73,85.27100000000002,19.3 , 11/17/2016 , 7:52:13
48,39.83,85.218,16.3 , 11/17/2016 , 7:55:13
49,37.68,85.214,16.9 , 11/17/2016 , 7:58:13
50,35.32,85.15100000000001,16.9 , 11/17/2016 , 8:1:13
51,33.5,85.131,18.6 , 11/17/2016 , 8:4:13
52,32.79,85.135,20.0 , 11/17/2016 , 8:7:13
53,33.01,85.147,20.6 , 11/17/2016 , 8:10:14
54,33.24,85.15800000000002,20.7 , 11/17/2016 , 8:13:14
55,33.76,85.14500000000001,20.7 , 11/17/2016 , 8:16:14
56,34.25,85.144,20.8 , 11/17/2016 , 8:19:14
57,34.72,85.147,20.7 , 11/17/2016 , 8:22:14
58,35.32,85.155,20.6 , 11/17/2016 , 8:25:14
59,35.77,85.154,21.6 , 11/17/2016 , 8:28:14
60,36.07,85.16300000000001,19.8 , 11/17/2016 , 8:31:14
61,36.12,85.168,21.2 , 11/17/2016 , 8:34:14
62,35.86,85.166,20.4 , 11/17/2016 , 8:37:14
63,35.66,85.16300000000001,20.4 , 11/17/2016 , 8:40:14
64,35.71,85.17200000000001,20.8 , 11/17/2016 , 8:43:15
65,35.9,85.17000000000002,20.8 , 11/17/2016 , 8:46:15
66,36.07,85.185,20.3 , 11/17/2016 , 8:49:15
67,36.29,85.18900000000001,19.6 , 11/17/2016 , 8:52:15
68,36.27,85.19500000000001,19.9 , 11/17/2016 , 8:55:15
69,36.52,85.19200000000001,19.9 , 11/17/2016 , 8:58:15
70,36.65,85.18700000000001,20.1 , 11/17/2016 , 9:1:15
71,36.67,85.188,19.6 , 11/17/2016 , 9:4:15
72,36.8,85.19200000000001,19.9 , 11/17/2016 , 9:7:15
73,36.95,85.188,19.7 , 11/17/2016 , 9:10:16
74,37.14,85.185,19.3 , 11/17/2016 , 9:13:16
75,37.17,85.18900000000001,19.9 , 11/17/2016 , 9:16:16
76,37.21,85.197,20.4 , 11/17/2016 , 9:19:16
77,37.32,85.23,20.0 , 11/17/2016 , 9:22:16
78,37.45,85.229,19.9 , 11/17/2016 , 9:25:16
79,37.19,85.236,19.4 , 11/17/2016 , 9:28:16
80,37.08,85.24000000000001,19.7 , 11/17/2016 , 9:31:16
81,36.67,85.243,19.5 , 11/17/2016 , 9:34:16
82,36.22,85.24700000000001,19.4 , 11/17/2016 , 9:37:16
83,35.75,85.245,19.5 , 11/17/2016 , 9:40:17
84,35.19,85.24700000000001,19.8 , 11/17/2016 , 9:43:17
85,34.38,85.253,20.0 , 11/17/2016 , 9:46:17
86,33.74,85.277,20.1 , 11/17/2016 , 9:49:17
87,33.16,85.17000000000002,20.4 , 11/17/2016 , 9:52:17
88,32.64,85.274,20.6 , 11/17/2016 , 9:55:17
89,32.02,85.279,21.2 , 11/17/2016 , 9:58:17
90,31.76,85.28300000000002,20.5 , 11/17/2016 , 10:1:17
91,31.22,85.178,20.7 , 11/17/2016 , 10:4:17
92,28.87,85.18400000000001,20.8 , 11/17/2016 , 10:7:17
93,26.01,85.287,24.5 , 11/17/2016 , 10:10:18
94,23.46,85.623,28.2 , 11/17/2016 , 10:13:18
95,22.92,85.62200000000001,28.2 , 11/17/2016 , 10:16:18
96,22.6,85.641,28.6 , 11/17/2016 , 10:19:18
97,22.45,85.65,29.2 , 11/17/2016 , 10:22:18
98,22.69,85.649,29.8 , 11/17/2016 , 10:25:18
99,23.01,85.647,29.1 , 11/17/2016 , 10:28:18
100,23.14,85.65800000000002,28.3 , 11/17/2016 , 10:31:18
101,22.2,85.971,29.8 , 11/17/2016 , 10:34:18
102,22.47,85.995,37.5 , 11/17/2016 , 10:37:18
103,22.88,85.99600000000001,37.7 , 11/17/2016 , 10:40:19
104,23.37,85.99600000000001,39.2 , 11/17/2016 , 10:43:19
105,23.67,85.903,33.6 , 11/17/2016 , 10:46:19
106,23.97,85.43,32.0 , 11/17/2016 , 10:49:19
107,24.77,85.137,32.7 , 11/17/2016 , 10:52:19
108,25.75,85.125,51.0 , 11/17/2016 , 10:55:19
109,26.59,85.13,47.0 , 11/17/2016 , 10:58:19
110,27.28,85.137,45.4 , 11/17/2016 , 11:1:19
111,27.79,85.143,47.7 , 11/17/2016 , 11:4:19
112,28.18,85.135,48.3 , 11/17/2016 , 11:7:19
113,28.67,85.03800000000001,36.3 , 11/17/2016 , 11:10:20
114,28.87,84.97800000000001,41.1 , 11/17/2016 , 11:13:20
115,29.72,84.98200000000001,43.3 , 11/17/2016 , 11:16:20
116,30.35,85.0,42.2 , 11/17/2016 , 11:19:20
117,30.75,84.992,43.0 , 11/17/2016 , 11:22:20
118,31.16,84.98500000000001,41.2 , 11/17/2016 , 11:25:20
119,31.48,85.356,38.3 , 11/17/2016 , 11:28:20
120,31.55,85.846,38.3 , 11/17/2016 , 11:31:20
121,31.65,85.855,38.8 , 11/17/2016 , 11:34:20
122,31.98,85.85900000000001,38.7 , 11/17/2016 , 11:37:20
123,32.34,85.856,38.0 , 11/17/2016 , 11:40:21
124,32.56,86.266,38.2 , 11/17/2016 , 11:43:21
125,32.68,86.72500000000001,44.4 , 11/17/2016 , 11:46:21
126,33.11,86.703,45.2 , 11/17/2016 , 11:49:21
127,33.65,86.74700000000001,45.8 , 11/17/2016 , 11:52:21
128,34.25,86.733,46.8 , 11/17/2016 , 11:55:21
129,34.74,86.705,45.5 , 11/17/2016 , 11:58:21
130,35.09,87.12700000000001,44.3 , 11/17/2016 , 12:1:21
131,35.17,87.599,36.3 , 11/17/2016 , 12:4:21
132,34.49,87.792,32.5 , 11/17/2016 , 12:7:21
133,34.12,87.779,33.3 , 11/17/2016 , 12:10:22
134,33.97,87.751,33.6 , 11/17/2016 , 12:13:22
135,33.93,88.275,33.8 , 11/17/2016 , 12:16:22
136,33.8,88.602,35.4 , 11/17/2016 , 12:19:22
137,33.95,88.527,41.6 , 11/17/2016 , 12:22:22
138,34.42,88.56400000000001,46.8 , 11/17/2016 , 12:25:22
139,34.87,88.57100000000001,45.6 , 11/17/2016 , 12:28:22
140,35.19,88.578,46.8 , 11/17/2016 , 12:31:22
141,35.24,88.575,49.5 , 11/17/2016 , 12:34:22
142,34.03,88.50800000000001,51.7 , 11/17/2016 , 12:37:22
143,32.1,88.51100000000001,56.4 , 11/17/2016 , 12:40:23
144,30.84,88.52000000000001,58.6 , 11/17/2016 , 12:43:23
145,30.15,88.517,62.6 , 11/17/2016 , 12:46:23
146,29.89,88.517,64.7 , 11/17/2016 , 12:49:23
147,29.6,88.513,65.2 , 11/17/2016 , 12:52:23
148,29.27,88.549,66.4 , 11/17/2016 , 12:55:23
149,29.23,88.55900000000001,67.0 , 11/17/2016 , 12:58:23
150,29.14,88.518,67.0 , 11/17/2016 , 13:1:23
151,29.17,88.527,66.6 , 11/17/2016 , 13:4:23
152,29.16,88.52600000000001,67.3 , 11/17/2016 , 13:7:23
153,29.16,88.524,67.4 , 11/17/2016 , 13:10:24
154,29.08,88.53800000000001,67.4 , 11/17/2016 , 13:13:24
155,29.36,88.524,66.8 , 11/17/2016 , 13:16:24
156,29.34,88.519,66.2 , 11/17/2016 , 13:19:24
157,29.29,88.53300000000002,67.4 , 11/17/2016 , 13:22:24
158,29.42,88.54400000000001,66.4 , 11/17/2016 , 13:25:24
159,29.55,88.524,65.0 , 11/17/2016 , 13:28:24
160,29.34,88.529,66.3 , 11/17/2016 , 13:31:24
161,29.38,88.539,66.5 , 11/17/2016 , 13:34:24
162,29.59,88.527,66.0 , 11/17/2016 , 13:37:24
163,29.72,88.53,65.7 , 11/17/2016 , 13:40:25
164,29.44,88.516,65.4 , 11/17/2016 , 13:43:25
165,29.7,88.534,65.6 , 11/17/2016 , 13:46:25
166,29.57,88.53,65.4 , 11/17/2016 , 13:49:25
167,29.55,88.548,65.6 , 11/17/2016 , 13:52:25
168,29.34,88.534,66.6 , 11/17/2016 , 13:55:25
169,29.66,88.56900000000002,66.1 , 11/17/2016 , 13:58:25
170,29.57,88.62400000000001,66.0 , 11/17/2016 , 14:1:25
171,29.57,88.63600000000001,65.9 , 11/17/2016 , 14:4:25
172,29.55,88.644,65.7 , 11/17/2016 , 14:7:25
173,29.49,88.654,66.0 , 11/17/2016 , 14:10:26
174,29.74,88.61900000000001,66.2 , 11/17/2016 , 14:13:26
175,29.64,88.572,65.6 , 11/17/2016 , 14:16:26
176,29.44,88.56700000000001,66.1 , 11/17/2016 , 14:19:26
177,29.32,88.577,66.8 , 11/17/2016 , 14:22:26
178,29.49,88.558,66.1 , 11/17/2016 , 14:25:26
179,29.64,88.56200000000001,65.7 , 11/17/2016 , 14:28:26
180,29.77,88.56400000000001,65.7 , 11/17/2016 , 14:31:26
181,29.42,88.58500000000001,66.7 , 11/17/2016 , 14:34:26
182,29.66,88.56900000000002,66.2 , 11/17/2016 , 14:37:26
183,29.64,88.60000000000001,65.9 , 11/17/2016 , 14:40:27
184,29.49,88.599,66.2 , 11/17/2016 , 14:43:27
185,29.32,88.584,66.4 , 11/17/2016 , 14:46:27
186,29.74,88.61200000000001,66.1 , 11/17/2016 , 14:49:27
187,29.55,88.632,66.2 , 11/17/2016 , 14:52:27
188,29.51,88.626,66.9 , 11/17/2016 , 14:55:27
189,29.32,88.62200000000001,66.5 , 11/17/2016 , 14:58:27
190,29.3,88.61900000000001,67.7 , 11/17/2016 , 15:1:27
191,29.55,88.63600000000001,66.3 , 11/17/2016 , 15:4:27
192,29.51,88.608,66.1 , 11/17/2016 , 15:7:27
193,29.42,88.629,66.7 , 11/17/2016 , 15:10:27
194,29.27,88.62700000000001,66.9 , 11/17/2016 , 15:13:28
195,29.79,88.637,66.1 , 11/17/2016 , 15:16:28
196,29.62,88.62,65.7 , 11/17/2016 , 15:19:28
197,29.57,88.629,65.7 , 11/17/2016 , 15:22:28
198,29.44,88.642,66.4 , 11/17/2016 , 15:25:28
199,29.19,88.635,67.1 , 11/17/2016 , 15:28:28
200,29.34,88.667,67.1 , 11/17/2016 , 15:31:28
201,29.3,88.688,66.7 , 11/17/2016 , 15:34:28
202,29.3,88.693,67.3 , 11/17/2016 , 15:37:28
203,29.16,88.71600000000001,67.5 , 11/17/2016 , 15:40:28
204,29.44,88.705,66.7 , 11/17/2016 , 15:43:29
205,29.38,88.702,66.5 , 11/17/2016 , 15:46:29
206,29.38,88.731,67.0 , 11/17/2016 , 15:49:29
207,29.42,88.738,66.4 , 11/17/2016 , 15:52:29
208,29.74,88.726,66.0 , 11/17/2016 , 15:55:29
209,29.55,88.71900000000001,67.0 , 11/17/2016 , 15:58:29
210,29.47,88.74000000000001,65.9 , 11/17/2016 , 16:1:29
211,29.55,88.724,66.1 , 11/17/2016 , 16:4:29
212,29.42,88.70400000000001,66.7 , 11/17/2016 , 16:7:29
213,29.25,88.71300000000001,66.7 , 11/17/2016 , 16:10:29
214,29.38,88.748,66.6 , 11/17/2016 , 16:13:30
215,29.68,88.762,65.7 , 11/17/2016 , 16:16:30
216,29.83,88.755,65.4 , 11/17/2016 , 16:19:30
217,29.7,88.76,65.3 , 11/17/2016 , 16:22:30
218,29.7,88.787,67.7 , 11/17/2016 , 16:25:30
219,29.6,88.775,65.7 , 11/17/2016 , 16:28:30
220,29.57,88.786,65.6 , 11/17/2016 , 16:31:30
221,29.6,88.78800000000001,65.6 , 11/17/2016 , 16:34:30
222,29.55,88.79,65.0 , 11/17/2016 , 16:37:30
223,29.34,88.789,66.1 , 11/17/2016 , 16:40:30
224,29.55,88.786,65.7 , 11/17/2016 , 16:43:31
225,29.74,88.786,66.2 , 11/17/2016 , 16:46:31
226,29.68,88.80900000000001,65.7 , 11/17/2016 , 16:49:31
227,29.85,88.813,65.6 , 11/17/2016 , 16:52:31
228,29.64,88.82100000000001,65.6 , 11/17/2016 , 16:55:31
229,29.62,88.808,65.8 , 11/17/2016 , 16:58:31
230,29.59,88.787,65.6 , 11/17/2016 , 17:1:31
231,29.62,88.802,65.8 , 11/17/2016 , 17:4:31
232,29.62,88.822,65.9 , 11/17/2016 , 17:7:31
233,29.7,88.831,65.4 , 11/17/2016 , 17:10:31
234,29.77,88.839,65.6 , 11/17/2016 , 17:13:32
235,29.59,88.84,65.7 , 11/17/2016 , 17:16:32
236,29.66,88.856,66.0 , 11/17/2016 , 17:19:32
237,29.47,88.867,65.6 , 11/17/2016 , 17:22:32
238,29.62,88.861,66.2 , 11/17/2016 , 17:25:32
239,29.68,88.866,65.6 , 11/17/2016 , 17:28:32
240,29.59,88.875,65.7 , 11/17/2016 , 17:31:32
241,29.55,88.87700000000001,66.0 , 11/17/2016 , 17:34:32
242,29.51,88.882,66.1 , 11/17/2016 , 17:37:32
243,29.7,88.864,65.8 , 11/17/2016 , 17:40:32
244,29.75,88.87200000000001,65.6 , 11/17/2016 , 17:43:33
245,29.79,88.881,65.5 , 11/17/2016 , 17:46:33
246,29.85,88.89,68.8 , 11/17/2016 , 17:49:33
247,29.66,88.89800000000001,65.9 , 11/17/2016 , 17:52:33
248,29.66,88.894,65.7 , 11/17/2016 , 17:55:33
249,29.64,88.90100000000001,66.3 , 11/17/2016 , 17:58:33
250,29.6,88.909,65.7 , 11/17/2016 , 18:1:33
251,29.66,88.912,65.4 , 11/17/2016 , 18:4:33
252,29.68,88.918,65.8 , 11/17/2016 , 18:7:33
253,29.66,88.924,65.9 , 11/17/2016 , 18:10:33
254,29.85,88.928,65.7 , 11/17/2016 , 18:13:33
255,29.75,88.933,65.6 , 11/17/2016 , 18:16:34
256,29.72,88.94200000000001,66.3 , 11/17/2016 , 18:19:34
257,29.75,88.938,65.8 , 11/17/2016 , 18:22:34
258,29.7,88.956,65.3 , 11/17/2016 , 18:25:34
259,29.89,88.94600000000001,65.5 , 11/17/2016 , 18:28:34
260,29.7,88.95100000000001,66.5 , 11/17/2016 , 18:31:34
261,29.74,88.94500000000001,66.0 , 11/17/2016 , 18:34:34
262,29.72,88.955,65.8 , 11/17/2016 , 18:37:34
263,29.57,88.955,65.9 , 11/17/2016 , 18:40:34
264,29.59,88.98400000000001,66.0 , 11/17/2016 , 18:43:34
265,29.7,88.986,66.0 , 11/17/2016 , 18:46:35
266,29.6,88.995,65.9 , 11/17/2016 , 18:49:35
267,29.6,88.992,65.6 , 11/17/2016 , 18:52:35
268,29.64,88.99000000000001,65.8 , 11/17/2016 , 18:55:35
269,29.7,88.967,65.6 , 11/17/2016 , 18:58:35
270,29.68,88.962,64.8 , 11/17/2016 , 19:1:35
271,29.7,88.959,65.7 , 11/17/2016 , 19:4:35
272,29.75,88.964,67.2 , 11/17/2016 , 19:7:35
273,29.74,88.96900000000001,65.8 , 11/17/2016 , 19:10:35
274,29.74,88.995,66.2 , 11/17/2016 , 19:13:35
275,29.77,88.99700000000001,65.7 , 11/17/2016 , 19:16:36
276,29.62,88.99000000000001,65.6 , 11/17/2016 , 19:19:36
277,29.75,88.993,65.4 , 11/17/2016 , 19:22:36
278,29.77,89.01400000000001,65.4 , 11/17/2016 , 19:25:36
279,29.72,89.012,65.6 , 11/17/2016 , 19:28:36
280,29.77,89.04400000000001,65.6 , 11/17/2016 , 19:31:36
281,29.89,89.017,65.6 , 11/17/2016 , 19:34:36
282,29.7,89.024,65.7 , 11/17/2016 , 19:37:36
283,29.68,89.03500000000001,66.0 , 11/17/2016 , 19:40:36
284,29.92,89.053,65.5 , 11/17/2016 , 19:43:36
285,29.85,89.04,65.8 , 11/17/2016 , 19:46:37
286,29.74,89.03800000000001,65.8 , 11/17/2016 , 19:49:37
287,29.68,89.042,65.7 , 11/17/2016 , 19:52:37
288,29.62,89.02600000000001,65.3 , 11/17/2016 , 19:55:37
289,29.62,89.036,66.1 , 11/17/2016 , 19:58:37
290,29.62,89.063,66.3 , 11/17/2016 , 20:1:37
291,29.7,89.046,65.8 , 11/17/2016 , 20:4:37
292,29.62,89.052,66.1 , 11/17/2016 , 20:7:37
293,29.68,89.053,65.9 , 11/17/2016 , 20:10:37
294,29.79,89.06400000000001,65.6 , 11/17/2016 , 20:13:37
295,29.72,89.08,65.5 , 11/17/2016 , 20:16:38
296,30.0,89.063,66.0 , 11/17/2016 , 20:19:38
297,30.11,89.061,64.6 , 11/17/2016 , 20:22:38
298,30.13,89.058,64.7 , 11/17/2016 , 20:25:38
299,30.02,89.065,64.7 , 11/17/2016 , 20:28:38
300,29.9,89.07400000000001,65.2 , 11/17/2016 , 20:31:38
301,29.74,89.099,65.7 , 11/17/2016 , 20:34:38
302,29.89,89.09800000000001,64.4 , 11/17/2016 , 20:37:38
303,29.7,89.111,65.8 , 11/17/2016 , 20:40:38
304,29.64,89.117,65.6 , 11/17/2016 , 20:43:38
305,29.83,89.118,65.7 , 11/17/2016 , 20:46:39
306,29.83,89.128,66.0 , 11/17/2016 , 20:49:39
307,29.74,89.12700000000001,66.0 , 11/17/2016 , 20:52:39
308,29.85,89.13,65.5 , 11/17/2016 , 20:55:39
309,29.66,89.143,66.1 , 11/17/2016 , 20:58:39
310,29.6,89.13900000000001,65.1 , 11/17/2016 , 21:1:39
311,29.89,89.13,65.5 , 11/17/2016 , 21:4:39
312,29.92,89.13400000000001,65.7 , 11/17/2016 , 21:7:39
313,30.09,89.14500000000001,64.9 , 11/17/2016 , 21:10:39
314,30.22,89.155,64.7 , 11/17/2016 , 21:13:39
315,30.32,89.16300000000001,61.5 , 11/17/2016 , 21:16:39
316,30.11,89.15700000000001,64.7 , 11/17/2016 , 21:19:40
317,30.22,89.16000000000001,64.8 , 11/17/2016 , 21:22:40
318,30.56,89.156,64.4 , 11/17/2016 , 21:25:40
319,31.05,89.15800000000002,63.2 , 11/17/2016 , 21:28:40
320,30.88,89.138,62.7 , 11/17/2016 , 21:31:40
321,30.82,89.132,63.0 , 11/17/2016 , 21:34:40
322,30.75,89.128,63.2 , 11/17/2016 , 21:37:40
323,30.8,89.155,63.4 , 11/17/2016 , 21:40:40
324,30.54,89.16300000000001,63.6 , 11/17/2016 , 21:43:40
325,30.49,89.165,63.7 , 11/17/2016 , 21:46:40
326,30.56,89.178,63.8 , 11/17/2016 , 21:49:41
327,30.54,89.176,63.8 , 11/17/2016 , 21:52:41
328,30.64,89.168,63.6 , 11/17/2016 , 21:55:41
329,30.62,89.16900000000001,63.8 , 11/17/2016 , 21:58:41
330,30.58,89.15100000000001,63.7 , 11/17/2016 , 22:1:41
331,30.64,89.165,63.9 , 11/17/2016 , 22:4:41
332,30.75,89.168,63.6 , 11/17/2016 , 22:7:41
333,30.64,89.179,63.7 , 11/17/2016 , 22:10:41
334,30.67,89.181,63.6 , 11/17/2016 , 22:13:41
335,30.3,89.15700000000001,63.8 , 11/17/2016 , 22:16:41
336,30.8,89.13900000000001,63.7 , 11/17/2016 , 22:19:41
337,30.75,89.15,63.5 , 11/17/2016 , 22:22:42
338,30.82,89.147,63.3 , 11/17/2016 , 22:25:42
339,30.77,89.162,63.4 , 11/17/2016 , 22:28:42
340,30.73,89.147,63.3 , 11/17/2016 , 22:31:42
341,30.64,89.129,63.6 , 11/17/2016 , 22:34:42
342,30.8,89.137,63.5 , 11/17/2016 , 22:37:42
343,30.78,89.14500000000001,63.3 , 11/17/2016 , 22:40:42
344,30.84,89.166,63.7 , 11/17/2016 , 22:43:42
345,30.64,89.16000000000001,64.0 , 11/17/2016 , 22:46:42
346,30.78,89.153,63.9 , 11/17/2016 , 22:49:42
347,30.5,89.126,64.0 , 11/17/2016 , 22:52:42
348,30.64,89.15100000000001,63.9 , 11/17/2016 , 22:55:42
349,30.62,89.164,63.7 , 11/17/2016 , 22:58:43
350,30.67,89.174,63.9 , 11/17/2016 , 23:1:43
351,30.67,89.15700000000001,63.8 , 11/17/2016 , 23:4:43
352,30.92,89.14600000000002,63.4 , 11/17/2016 , 23:7:43
353,31.16,89.154,62.4 , 11/17/2016 , 23:10:43
354,31.05,89.16000000000001,63.1 , 11/17/2016 , 23:13:43
355,30.84,89.17000000000002,63.0 , 11/17/2016 , 23:16:43
356,30.88,89.14800000000001,63.1 , 11/17/2016 , 23:19:43
357,30.77,89.176,63.4 , 11/17/2016 , 23:22:43
358,30.78,89.191,63.4 , 11/17/2016 , 23:25:43
359,30.77,89.20400000000001,63.7 , 11/17/2016 , 23:28:44
360,30.71,89.20400000000001,63.8 , 11/17/2016 , 23:31:44
361,30.64,89.193,64.0 , 11/17/2016 , 23:34:44
362,30.43,89.18900000000001,64.2 , 11/17/2016 , 23:37:44
363,30.28,89.20400000000001,64.7 , 11/17/2016 , 23:40:44
364,30.09,89.217,65.0 , 11/17/2016 , 23:43:44
365,30.07,89.21900000000001,65.2 , 11/17/2016 , 23:46:44
366,30.0,89.20700000000001,65.7 , 11/17/2016 , 23:49:44
367,29.87,89.19600000000001,65.8 , 11/17/2016 , 23:52:44
368,29.74,89.22300000000001,65.4 , 11/17/2016 , 23:55:44
369,29.68,89.236,66.1 , 11/17/2016 , 23:58:44
370,29.85,89.229,66.5 , 11/18/2016 , 0:1:45
371,29.87,89.205,65.6 , 11/18/2016 , 0:4:45
372,30.0,89.19600000000001,65.4 , 11/18/2016 , 0:7:45
373,30.13,89.239,64.7 , 11/18/2016 , 0:10:45
374,30.26,89.233,63.8 , 11/18/2016 , 0:13:45
375,30.39,89.241,64.4 , 11/18/2016 , 0:16:45
376,30.88,89.2,63.4 , 11/18/2016 , 0:19:45
377,31.07,89.203,63.1 , 11/18/2016 , 0:22:45
378,30.84,89.227,63.5 , 11/18/2016 , 0:25:45
379,30.77,89.236,63.6 , 11/18/2016 , 0:28:45
380,30.86,89.238,63.4 , 11/18/2016 , 0:31:45
381,30.75,89.23,63.5 , 11/18/2016 , 0:34:46
382,30.8,89.22800000000001,63.8 , 11/18/2016 , 0:37:46
383,30.67,89.253,63.4 , 11/18/2016 , 0:40:46
384,30.54,89.257,63.9 , 11/18/2016 , 0:43:46
385,30.71,89.24700000000001,65.0 , 11/18/2016 , 0:46:46
386,30.65,89.227,63.9 , 11/18/2016 , 0:49:46
387,30.56,89.227,64.0 , 11/18/2016 , 0:52:46
388,30.62,89.217,64.0 , 11/18/2016 , 0:55:46
389,30.52,89.21000000000001,64.1 , 11/18/2016 , 0:58:46
390,30.73,89.20400000000001,63.9 , 11/18/2016 , 1:1:46
391,30.69,89.214,63.9 , 11/18/2016 , 1:4:47
392,30.75,89.215,63.8 , 11/18/2016 , 1:7:47
393,30.5,89.227,64.1 , 11/18/2016 , 1:10:47
394,30.65,89.20700000000001,64.4 , 11/18/2016 , 1:13:47
395,30.71,89.218,64.1 , 11/18/2016 , 1:16:47
396,30.62,89.239,63.7 , 11/18/2016 , 1:19:47
397,30.43,89.21300000000001,64.0 , 11/18/2016 , 1:22:47
398,30.28,89.22000000000001,64.9 , 11/18/2016 , 1:25:47
399,30.11,89.224,65.3 , 11/18/2016 , 1:28:47
400,30.09,89.224,64.9 , 11/18/2016 , 1:31:47
401,30.04,89.217,65.4 , 11/18/2016 , 1:34:48
402,30.09,89.229,65.3 , 11/18/2016 , 1:37:48
403,29.9,89.21900000000001,65.5 , 11/18/2016 , 1:40:48
404,29.94,89.224,65.9 , 11/18/2016 , 1:43:48
405,29.87,89.22300000000001,65.7 , 11/18/2016 , 1:46:48
406,29.81,89.22200000000001,65.7 , 11/18/2016 , 1:49:48
407,29.89,89.238,66.0 , 11/18/2016 , 1:52:48
408,29.85,89.23200000000001,65.7 , 11/18/2016 , 1:55:48
409,29.89,89.26400000000001,66.4 , 11/18/2016 , 1:58:48
410,30.0,89.279,65.7 , 11/18/2016 , 2:1:48
411,29.81,89.26100000000001,65.8 , 11/18/2016 , 2:4:49
412,29.92,89.27300000000001,66.1 , 11/18/2016 , 2:7:49
413,29.72,89.27600000000001,66.2 , 11/18/2016 , 2:10:49
414,29.89,89.292,66.2 , 11/18/2016 , 2:13:49
415,29.72,89.30000000000001,66.2 , 11/18/2016 , 2:16:49
416,29.79,89.29500000000002,66.1 , 11/18/2016 , 2:19:49
417,29.81,89.29,65.7 , 11/18/2016 , 2:22:49
418,29.87,89.284,66.1 , 11/18/2016 , 2:25:49
419,29.66,89.311,66.5 , 11/18/2016 , 2:28:49
420,29.81,89.31400000000001,66.7 , 11/18/2016 , 2:31:50
421,29.79,89.289,66.0 , 11/18/2016 , 2:34:50
422,29.81,89.281,66.4 , 11/18/2016 , 2:37:50
423,29.83,89.31,65.8 , 11/18/2016 , 2:40:50
424,29.74,89.296,66.0 , 11/18/2016 , 2:43:50
425,29.79,89.27300000000001,65.9 , 11/18/2016 , 2:46:50
426,29.87,89.287,66.1 , 11/18/2016 , 2:49:50
427,29.89,89.28200000000001,66.0 , 11/18/2016 , 2:52:50
428,29.83,89.26400000000001,66.1 , 11/18/2016 , 2:55:50
429,29.68,89.269,64.3 , 11/18/2016 , 2:58:50
430,29.74,89.268,66.3 , 11/18/2016 , 3:1:50
431,29.75,89.262,66.6 , 11/18/2016 , 3:4:51
432,29.64,89.25800000000001,66.6 , 11/18/2016 , 3:7:51
433,29.72,89.23700000000001,66.0 , 11/18/2016 , 3:10:51
434,29.89,89.26400000000001,66.0 , 11/18/2016 , 3:13:51
435,29.96,89.27000000000001,66.0 , 11/18/2016 , 3:16:51
436,29.89,89.284,66.1 , 11/18/2016 , 3:19:51
437,29.77,89.272,65.9 , 11/18/2016 , 3:22:51
438,29.89,89.278,66.2 , 11/18/2016 , 3:25:51
439,29.85,89.29400000000001,65.5 , 11/18/2016 , 3:28:51
440,29.75,89.29700000000001,66.2 , 11/18/2016 , 3:31:52
441,29.89,89.28200000000001,66.0 , 11/18/2016 , 3:34:52
442,29.75,89.266,66.4 , 11/18/2016 , 3:37:52
443,29.7,89.27600000000001,66.1 , 11/18/2016 , 3:40:52
444,29.74,89.298,65.0 , 11/18/2016 , 3:43:52
445,29.66,89.30000000000001,66.0 , 11/18/2016 , 3:46:52
446,29.81,89.306,65.9 , 11/18/2016 , 3:49:52
447,29.75,89.281,66.4 , 11/18/2016 , 3:52:52
448,29.89,89.291,66.1 , 11/18/2016 , 3:55:52
449,29.92,89.301,66.2 , 11/18/2016 , 3:58:52
450,29.96,89.308,66.1 , 11/18/2016 , 4:1:52
451,29.85,89.316,65.7 , 11/18/2016 , 4:4:52
452,29.77,89.306,65.7 , 11/18/2016 , 4:7:53
453,29.77,89.316,65.9 , 11/18/2016 , 4:10:53
454,29.66,89.292,65.9 , 11/18/2016 , 4:13:53
455,29.75,89.29700000000001,65.9 , 11/18/2016 , 4:16:53
456,29.68,89.31,66.2 , 11/18/2016 , 4:19:53
457,29.89,89.32000000000001,66.7 , 11/18/2016 , 4:22:53
458,29.77,89.32100000000001,65.8 , 11/18/2016 , 4:25:53
459,29.83,89.31,65.9 , 11/18/2016 , 4:28:53
460,29.9,89.31200000000001,65.5 , 11/18/2016 , 4:31:53
461,29.79,89.308,65.5 , 11/18/2016 , 4:34:53
462,29.79,89.305,66.0 , 11/18/2016 , 4:37:54
463,29.79,89.311,66.2 , 11/18/2016 , 4:40:54
464,29.79,89.306,65.2 , 11/18/2016 , 4:43:54
465,29.79,89.30700000000002,65.9 , 11/18/2016 , 4:46:54
466,29.87,89.31200000000001,65.6 , 11/18/2016 , 4:49:54
467,29.96,89.318,65.8 , 11/18/2016 , 4:52:54
468,29.77,89.32300000000001,66.5 , 11/18/2016 , 4:55:54
469,29.9,89.322,66.9 , 11/18/2016 , 4:58:54
470,29.96,89.331,66.9 , 11/18/2016 , 5:1:54
471,29.96,89.327,65.5 , 11/18/2016 , 5:4:55
472,29.87,89.32400000000001,65.3 , 11/18/2016 , 5:7:55
473,29.85,89.328,66.5 , 11/18/2016 , 5:10:55
474,29.9,89.32300000000001,66.2 , 11/18/2016 , 5:13:55
475,29.77,89.322,66.1 , 11/18/2016 , 5:16:55
476,29.75,89.334,66.1 , 11/18/2016 , 5:19:55
477,29.89,89.33300000000001,66.0 , 11/18/2016 , 5:22:55
478,29.96,89.322,65.8 , 11/18/2016 , 5:25:55
479,29.81,89.41000000000001,65.8 , 11/18/2016 , 5:28:55
480,29.85,89.35000000000001,65.5 , 11/18/2016 , 5:31:55
481,29.77,89.325,65.4 , 11/18/2016 , 5:34:55
482,29.9,89.325,65.6 , 11/18/2016 , 5:37:56
483,29.74,89.32300000000001,66.2 , 11/18/2016 , 5:40:56
484,29.85,89.327,65.6 , 11/18/2016 , 5:43:56
485,29.81,89.302,65.8 , 11/18/2016 , 5:46:56
486,29.9,89.31,65.8 , 11/18/2016 , 5:49:56
487,29.94,89.38,65.6 , 11/18/2016 , 5:52:56
488,30.19,89.381,65.1 , 11/18/2016 , 5:55:56
489,30.41,89.403,64.6 , 11/18/2016 , 5:58:56
490,30.41,89.4,64.2 , 11/18/2016 , 6:1:56
491,30.49,89.39800000000001,63.9 , 11/18/2016 , 6:4:56
492,30.71,89.411,63.7 , 11/18/2016 , 6:7:56
493,30.67,89.41000000000001,63.7 , 11/18/2016 , 6:10:57
494,30.71,89.412,64.0 , 11/18/2016 , 6:13:57
495,30.73,89.411,63.7 , 11/18/2016 , 6:16:57
496,30.69,89.41000000000001,64.1 , 11/18/2016 , 6:19:57
497,30.73,89.404,63.8 , 11/18/2016 , 6:22:57
498,30.69,89.414,63.8 , 11/18/2016 , 6:25:57
499,30.75,89.416,63.7 , 11/18/2016 , 6:28:57
500,30.75,89.428,63.7 , 11/18/2016 , 6:31:57
501,30.92,89.43,63.0 , 11/18/2016 , 6:34:57
502,30.95,89.435,63.6 , 11/18/2016 , 6:37:57
503,30.93,89.44,63.4 , 11/18/2016 , 6:40:58
504,31.01,89.43700000000001,63.7 , 11/18/2016 , 6:43:58
505,30.9,89.465,62.5 , 11/18/2016 , 6:46:58
506,30.86,89.45800000000001,63.4 , 11/18/2016 , 6:49:58
507,30.71,89.467,63.7 , 11/18/2016 , 6:52:58
508,30.78,89.47200000000001,63.7 , 11/18/2016 , 6:55:58
509,30.88,89.456,64.4 , 11/18/2016 , 6:58:58
510,31.03,89.45700000000001,63.0 , 11/18/2016 , 7:1:58
511,30.95,89.453,62.9 , 11/18/2016 , 7:4:58
512,31.07,89.43700000000001,63.0 , 11/18/2016 , 7:7:58
513,31.12,89.44800000000001,62.6 , 11/18/2016 , 7:10:59
514,31.08,89.44800000000001,62.9 , 11/18/2016 , 7:13:59
515,31.05,89.44400000000002,63.2 , 11/18/2016 , 7:16:59
516,31.1,89.44400000000002,63.1 , 11/18/2016 , 7:19:59
517,31.07,89.447,63.0 , 11/18/2016 , 7:22:59
518,30.92,89.46300000000001,63.2 , 11/18/2016 , 7:25:59
519,31.01,89.441,63.3 , 11/18/2016 , 7:28:59
520,30.92,89.46100000000001,63.1 , 11/18/2016 , 7:31:59
521,30.99,89.44200000000001,63.5 , 11/18/2016 , 7:34:59
522,30.75,89.37400000000001,63.6 , 11/18/2016 , 7:37:59
523,30.45,89.392,64.0 , 11/18/2016 , 7:41:0
524,30.22,89.38300000000001,64.5 , 11/18/2016 , 7:44:0
525,30.28,89.382,65.3 , 11/18/2016 , 7:47:0
526,30.02,89.38,65.3 , 11/18/2016 , 7:50:0
527,30.15,89.385,65.0 , 11/18/2016 , 7:53:0
528,30.19,89.392,64.9 , 11/18/2016 , 7:56:0
529,30.19,89.4,64.0 , 11/18/2016 , 7:59:0
530,30.13,89.392,65.4 , 11/18/2016 , 8:2:0
531,30.09,89.404,65.4 , 11/18/2016 , 8:5:0
532,30.05,89.409,65.1 , 11/18/2016 , 8:8:0
533,30.19,89.423,65.2 , 11/18/2016 , 8:11:1
534,30.17,89.424,64.9 , 11/18/2016 , 8:14:1
535,30.07,89.436,65.4 , 11/18/2016 , 8:17:1
536,30.07,89.436,64.6 , 11/18/2016 , 8:20:1
537,30.09,89.411,65.4 , 11/18/2016 , 8:23:1
538,30.04,89.416,65.2 , 11/18/2016 , 8:26:1
539,30.02,89.415,65.2 , 11/18/2016 , 8:29:1
540,30.09,89.431,65.8 , 11/18/2016 , 8:32:1
541,30.02,89.406,65.3 , 11/18/2016 , 8:35:1
542,29.94,89.418,65.5 , 11/18/2016 , 8:38:1
543,29.94,89.43200000000002,65.1 , 11/18/2016 , 8:41:2
544,30.07,89.418,65.0 , 11/18/2016 , 8:44:2
545,29.92,89.428,65.1 , 11/18/2016 , 8:47:2
546,29.9,89.399,65.3 , 11/18/2016 , 8:50:2
547,30.05,89.406,64.8 , 11/18/2016 , 8:53:2
548,30.15,89.405,64.8 , 11/18/2016 , 8:56:2
549,30.17,89.40100000000001,65.1 , 11/18/2016 , 8:59:2
550,30.19,89.406,65.0 , 11/18/2016 , 9:2:2
551,30.22,89.405,64.3 , 11/18/2016 , 9:5:2
552,30.34,89.39600000000002,64.5 , 11/18/2016 , 9:8:2
553,30.28,89.393,64.3 , 11/18/2016 , 9:11:3
554,30.34,89.394,64.3 , 11/18/2016 , 9:14:3
555,30.45,89.38,64.7 , 11/18/2016 , 9:17:3
556,30.35,89.388,63.9 , 11/18/2016 , 9:20:3
557,30.35,89.376,64.3 , 11/18/2016 , 9:23:3
558,30.41,89.373,64.1 , 11/18/2016 , 9:26:3
559,30.97,89.428,62.4 , 11/18/2016 , 9:29:3
560,32.11,89.44600000000001,60.6 , 11/18/2016 , 9:32:3
561,33.01,89.519,49.2 , 11/18/2016 , 9:35:3
562,33.43,88.81200000000001,46.0 , 11/18/2016 , 9:38:3
563,33.58,88.87200000000001,37.1 , 11/18/2016 , 9:41:4
564,32.98,89.07300000000001,34.9 , 11/18/2016 , 9:44:4
565,32.96,89.251,35.5 , 11/18/2016 , 9:47:4
566,32.96,89.26,37.0 , 11/18/2016 , 9:50:4
567,33.11,89.289,37.9 , 11/18/2016 , 9:53:4
568,33.3,89.29400000000001,37.5 , 11/18/2016 , 9:56:4
569,33.5,89.306,37.4 , 11/18/2016 , 9:59:4
570,33.41,89.308,28.4 , 11/18/2016 , 10:2:4
571,33.0,89.38,25.3 , 11/18/2016 , 10:5:4
572,32.94,89.32000000000001,23.9 , 11/18/2016 , 10:8:4
573,32.86,89.31400000000001,24.4 , 11/18/2016 , 10:11:5
574,32.62,89.34800000000001,21.8 , 11/18/2016 , 10:14:5
575,32.6,89.29,21.0 , 11/18/2016 , 10:17:5
576,32.66,89.303,20.6 , 11/18/2016 , 10:20:5
577,32.68,89.30900000000001,20.0 , 11/18/2016 , 10:23:5
578,32.64,89.32600000000001,18.9 , 11/18/2016 , 10:26:5
579,32.11,89.923,16.9 , 11/18/2016 , 10:29:5
580,31.14,90.903,21.8 , 11/18/2016 , 10:32:5
581,30.52,91.068,24.1 , 11/18/2016 , 10:35:5
582,30.45,91.058,24.5 , 11/18/2016 , 10:38:5
583,30.49,91.07400000000001,23.4 , 11/18/2016 , 10:41:6
584,30.67,91.07300000000001,24.8 , 11/18/2016 , 10:44:6
585,30.71,91.09,25.2 , 11/18/2016 , 10:47:6
586,30.77,90.84500000000001,25.5 , 11/18/2016 , 10:50:6
587,30.75,91.129,27.3 , 11/18/2016 , 10:53:6
588,30.9,91.14,28.3 , 11/18/2016 , 10:56:6
589,31.23,91.143,29.1 , 11/18/2016 , 10:59:6
590,31.57,91.14,29.2 , 11/18/2016 , 11:2:6
591,31.87,91.14600000000002,29.5 , 11/18/2016 , 11:5:6
592,31.93,91.604,27.6 , 11/18/2016 , 11:8:6
593,32.08,91.58300000000001,28.0 , 11/18/2016 , 11:11:7
594,32.41,91.614,27.5 , 11/18/2016 , 11:14:7
595,32.15,92.50900000000001,26.5 , 11/18/2016 , 11:17:7
596,32.34,92.519,25.3 , 11/18/2016 , 11:20:7
597,32.49,92.50800000000001,25.2 , 11/18/2016 , 11:23:7
598,32.81,92.513,24.8 , 11/18/2016 , 11:26:7
599,32.96,92.506,24.7 , 11/18/2016 , 11:29:7
600,33.11,92.68900000000001,25.0 , 11/18/2016 , 11:32:7
601,33.43,93.39,27.9 , 11/18/2016 , 11:35:7
602,33.76,93.379,29.8 , 11/18/2016 , 11:38:7
603,34.23,93.393,29.6 , 11/18/2016 , 11:41:8
604,34.59,93.39,29.2 , 11/18/2016 , 11:44:8
605,34.83,93.519,28.6 , 11/18/2016 , 11:47:8
606,35.07,94.231,33.7 , 11/18/2016 , 11:50:8
607,35.21,94.238,34.7 , 11/18/2016 , 11:53:8
608,35.26,94.233,35.1 , 11/18/2016 , 11:56:8
609,35.56,94.21000000000001,35.3 , 11/18/2016 , 11:59:8
610,35.82,94.179,35.2 , 11/18/2016 , 12:2:8
611,36.01,94.179,35.3 , 11/18/2016 , 12:5:8
612,36.27,94.185,35.5 , 11/18/2016 , 12:8:9
613,36.48,94.18,35.1 , 11/18/2016 , 12:11:9
614,36.67,94.183,35.1 , 11/18/2016 , 12:14:9
615,36.8,94.18900000000001,35.0 , 11/18/2016 , 12:17:9
616,36.87,94.181,34.3 , 11/18/2016 , 12:20:9
617,37.04,94.179,36.5 , 11/18/2016 , 12:23:9
618,37.29,94.18400000000001,34.3 , 11/18/2016 , 12:26:9
619,37.12,94.164,33.6 , 11/18/2016 , 12:29:9
620,37.0,94.07900000000001,37.7 , 11/18/2016 , 12:32:9
621,37.4,94.077,45.6 , 11/18/2016 , 12:35:9
622,37.64,94.056,48.2 , 11/18/2016 , 12:38:10
623,38.03,94.053,48.1 , 11/18/2016 , 12:41:10
624,38.41,94.05000000000001,47.8 , 11/18/2016 , 12:44:10
625,39.07,94.051,47.9 , 11/18/2016 , 12:47:10
626,37.55,94.08200000000001,47.4 , 11/18/2016 , 12:50:10
627,35.19,94.173,38.3 , 11/18/2016 , 12:53:10
628,33.01,92.91000000000001,28.1 , 11/18/2016 , 12:56:10
629,30.8,91.548,26.6 , 11/18/2016 , 12:59:10
630,25.03,90.849,31.6 , 11/18/2016 , 13:2:10
631,24.68,90.114,26.2 , 11/18/2016 , 13:5:10
632,25.03,89.22800000000001,23.2 , 11/18/2016 , 13:8:11
633,25.15,89.018,36.7 , 11/18/2016 , 13:11:11
634,23.1,87.789,29.1 , 11/18/2016 , 13:14:11
635,21.7,86.72500000000001,26.9 , 11/18/2016 , 13:17:11
636,19.36,86.065,25.4 , 11/18/2016 , 13:20:11
637,18.14,86.084,21.6 , 11/18/2016 , 13:23:11
638,17.39,86.06700000000001,21.8 , 11/18/2016 , 13:26:11
639,17.9,86.024,24.2 , 11/18/2016 , 13:29:11
640,19.49,86.022,25.3 , 11/18/2016 , 13:32:11
641,21.57,86.031,24.9 , 11/18/2016 , 13:35:12
642,23.42,86.01100000000001,23.7 , 11/18/2016 , 13:38:12
643,25.37,86.02000000000001,23.4 , 11/18/2016 , 13:41:12
644,27.08,86.005,21.6 , 11/18/2016 , 13:44:12
645,28.59,85.998,19.8 , 11/18/2016 , 13:47:12
646,29.89,85.99600000000001,18.9 , 11/18/2016 , 13:50:12
647,30.97,85.988,18.2 , 11/18/2016 , 13:53:12
648,32.04,85.99700000000001,17.5 , 11/18/2016 , 13:56:12
649,32.98,85.993,16.1 , 11/18/2016 , 13:59:12
650,33.58,85.99900000000001,17.5 , 11/18/2016 , 14:2:12
651,34.04,85.995,19.5 , 11/18/2016 , 14:5:13
652,34.61,86.0,20.2 , 11/18/2016 , 14:8:13
653,35.06,86.028,19.1 , 11/18/2016 , 14:11:13
654,35.41,86.09500000000001,14.5 , 11/18/2016 , 14:14:13
655,34.4,86.141,14.2 , 11/18/2016 , 14:17:13
656,33.31,86.17000000000002,15.5 , 11/18/2016 , 14:20:13
657,32.83,86.313,16.7 , 11/18/2016 , 14:23:13
658,32.92,86.41300000000001,18.6 , 11/18/2016 , 14:26:13
659,33.39,86.25800000000001,20.3 , 11/18/2016 , 14:29:13
660,34.19,84.44900000000001,21.2 , 11/18/2016 , 14:32:13
661,35.11,85.661,21.6 , 11/18/2016 , 14:35:13
662,36.11,86.44600000000001,21.8 , 11/18/2016 , 14:38:14
663,36.87,87.32900000000001,21.7 , 11/18/2016 , 14:41:14
664,37.77,87.837,21.9 , 11/18/2016 , 14:44:14
665,38.37,88.60000000000001,21.1 , 11/18/2016 , 14:47:14
666,38.97,89.14,20.6 , 11/18/2016 , 14:50:14
667,39.31,89.405,19.9 , 11/18/2016 , 14:53:14
668,39.63,89.72300000000001,20.6 , 11/18/2016 , 14:56:14
669,39.55,90.125,19.1 , 11/18/2016 , 14:59:14
670,39.29,90.71100000000001,19.1 , 11/18/2016 , 15:2:14
671,38.93,90.837,19.1 , 11/18/2016 , 15:5:15
672,38.58,90.801,19.5 , 11/18/2016 , 15:8:15
673,38.24,90.796,19.6 , 11/18/2016 , 15:11:15
674,38.09,90.79400000000001,19.8 , 11/18/2016 , 15:14:15
675,37.85,90.79,19.5 , 11/18/2016 , 15:17:15
676,37.44,90.789,19.5 , 11/18/2016 , 15:20:15
677,37.21,90.73,19.1 , 11/18/2016 , 15:23:15
678,36.91,90.73400000000001,19.9 , 11/18/2016 , 15:26:15
679,36.65,90.152,20.1 , 11/18/2016 , 15:29:15
680,36.55,90.80700000000002,20.3 , 11/18/2016 , 15:32:15
681,36.63,90.61900000000001,20.7 , 11/18/2016 , 15:35:16
682,36.87,91.27000000000001,21.2 , 11/18/2016 , 15:38:16
683,37.17,91.431,21.0 , 11/18/2016 , 15:41:16
684,37.44,91.617,21.5 , 11/18/2016 , 15:44:16
685,37.68,91.828,21.2 , 11/18/2016 , 15:47:16
686,37.9,91.96300000000001,21.0 , 11/18/2016 , 15:50:16
687,37.94,92.081,21.2 , 11/18/2016 , 15:53:16
688,38.15,92.25200000000001,22.2 , 11/18/2016 , 15:56:16
689,38.47,92.226,22.1 , 11/18/2016 , 15:59:16
690,38.8,92.21000000000001,21.9 , 11/18/2016 , 16:2:17
691,38.88,92.21100000000001,21.4 , 11/18/2016 , 16:5:17
692,38.54,92.209,20.5 , 11/18/2016 , 16:8:17
693,38.17,92.21000000000001,20.4 , 11/18/2016 , 16:11:17
694,37.55,92.20800000000001,19.9 , 11/18/2016 , 16:14:17
695,37.08,92.214,19.6 , 11/18/2016 , 16:17:17
696,36.5,92.212,20.0 , 11/18/2016 , 16:20:17
697,35.96,92.20700000000001,20.2 , 11/18/2016 , 16:23:17
698,35.36,92.206,20.7 , 11/18/2016 , 16:26:17
699,34.81,92.202,20.2 , 11/18/2016 , 16:29:17
700,34.36,92.205,20.3 , 11/18/2016 , 16:32:17
701,33.97,92.20700000000001,20.4 , 11/18/2016 , 16:35:17
702,33.58,92.19800000000001,21.2 , 11/18/2016 , 16:38:17
703,33.03,92.19,20.4 , 11/18/2016 , 16:41:18
704,32.71,92.185,20.8 , 11/18/2016 , 16:44:18
705,32.32,92.18400000000001,20.7 , 11/18/2016 , 16:47:18
706,31.97,92.173,21.0 , 11/18/2016 , 16:50:18
707,31.65,92.171,21.1 , 11/18/2016 , 16:53:18
708,31.46,92.17500000000001,20.9 , 11/18/2016 , 16:56:18
709,31.08,92.164,21.9 , 11/18/2016 , 16:59:18
710,30.73,92.16300000000001,21.4 , 11/18/2016 , 17:2:18
711,30.62,92.15800000000002,21.4 , 11/18/2016 , 17:5:18
712,30.34,92.159,21.8 , 11/18/2016 , 17:8:18
713,30.13,92.15100000000001,21.0 , 11/18/2016 , 17:11:18
714,29.85,92.15,21.0 , 11/18/2016 , 17:14:19
715,29.66,92.14800000000001,21.4 , 11/18/2016 , 17:17:19
716,29.36,92.14600000000002,21.5 , 11/18/2016 , 17:20:19
717,29.38,92.15,21.4 , 11/18/2016 , 17:23:19
718,29.72,92.08300000000001,21.3 , 11/18/2016 , 17:26:19
719,29.92,91.943,21.1 , 11/18/2016 , 17:29:19
720,30.71,91.84800000000001,21.0 , 11/18/2016 , 17:32:19
721,31.89,91.717,20.9 , 11/18/2016 , 17:35:19
722,33.26,91.75,21.4 , 11/18/2016 , 17:38:19
723,34.49,91.60900000000001,21.1 , 11/18/2016 , 17:41:19
724,35.6,91.44800000000001,20.6 , 11/18/2016 , 17:44:20
725,36.54,91.126,19.9 , 11/18/2016 , 17:47:20
726,37.59,90.894,20.4 , 11/18/2016 , 17:50:20
727,38.48,90.976,19.9 , 11/18/2016 , 17:53:20
728,39.53,90.85700000000001,19.8 , 11/18/2016 , 17:56:20
729,40.75,90.755,19.5 , 11/18/2016 , 17:59:20
730,42.01,90.49400000000001,18.8 , 11/18/2016 , 18:2:20
731,43.17,90.366,19.1 , 11/18/2016 , 18:5:20
732,44.61,90.101,18.5 , 11/18/2016 , 18:8:20
733,45.75,89.563,17.7 , 11/18/2016 , 18:11:20
734,46.71,89.07400000000001,17.3 , 11/18/2016 , 18:14:20
735,47.33,88.361,14.9 , 11/18/2016 , 18:17:21
736,47.31,88.018,15.5 , 11/18/2016 , 18:20:21
737,47.18,87.96100000000001,16.6 , 11/18/2016 , 18:23:21
738,46.86,88.266,16.4 , 11/18/2016 , 18:26:21
739,46.45,88.73,17.1 , 11/18/2016 , 18:29:21
740,46.18,88.849,17.0 , 11/18/2016 , 18:32:21
741,45.64,89.06400000000001,15.2 , 11/18/2016 , 18:35:21
742,45.36,89.358,16.4 , 11/18/2016 , 18:38:21
743,45.06,89.481,16.9 , 11/18/2016 , 18:41:21
744,44.74,89.731,16.2 , 11/18/2016 , 18:44:21
745,44.44,89.83500000000001,17.1 , 11/18/2016 , 18:47:22
746,44.37,89.73400000000001,17.1 , 11/18/2016 , 18:50:22
747,43.97,89.24700000000001,16.7 , 11/18/2016 , 18:53:22
748,43.66,88.65100000000001,19.5 , 11/18/2016 , 18:56:22
749,43.66,87.88,18.0 , 11/18/2016 , 18:59:22
750,43.43,87.968,16.4 , 11/18/2016 , 19:2:22
751,43.34,88.513,17.4 , 11/18/2016 , 19:5:22
752,43.34,89.41000000000001,17.4 , 11/18/2016 , 19:8:22
753,43.15,88.897,17.4 , 11/18/2016 , 19:11:22
754,42.96,89.599,17.1 , 11/18/2016 , 19:14:22
755,42.91,90.19,17.0 , 11/18/2016 , 19:17:23
756,42.87,89.93900000000001,17.5 , 11/18/2016 , 19:20:23
757,42.79,89.798,17.4 , 11/18/2016 , 19:23:23
758,42.64,89.909,18.0 , 11/18/2016 , 19:26:23
759,42.53,89.428,18.0 , 11/18/2016 , 19:29:23
760,42.4,89.35900000000001,18.2 , 11/18/2016 , 19:32:23
761,42.21,89.45700000000001,18.4 , 11/18/2016 , 19:35:23
762,42.14,89.519,20.7 , 11/18/2016 , 19:38:23
763,42.19,89.52000000000001,18.7 , 11/18/2016 , 19:41:23
764,42.44,89.468,17.4 , 11/18/2016 , 19:44:23
765,42.46,89.37,18.3 , 11/18/2016 , 19:47:24
766,42.49,89.26,18.3 , 11/18/2016 , 19:50:24
767,42.7,89.243,18.4 , 11/18/2016 , 19:53:24
768,42.79,89.27000000000001,18.6 , 11/18/2016 , 19:56:24
769,42.68,89.28200000000001,17.1 , 11/18/2016 , 19:59:24
770,42.4,89.23700000000001,16.5 , 11/18/2016 , 20:2:24
771,42.25,88.956,17.3 , 11/18/2016 , 20:5:24
772,42.04,88.876,18.3 , 11/18/2016 , 20:8:24
773,42.23,88.59800000000001,17.1 , 11/18/2016 , 20:11:24
774,42.29,88.63900000000001,17.9 , 11/18/2016 , 20:14:24
775,42.59,88.57600000000001,17.8 , 11/18/2016 , 20:17:25
776,42.66,88.364,18.3 , 11/18/2016 , 20:20:25
777,42.94,88.32900000000001,15.9 , 11/18/2016 , 20:23:25
778,43.0,88.33800000000001,16.8 , 11/18/2016 , 20:26:25
779,42.83,88.08300000000001,16.9 , 11/18/2016 , 20:29:25
780,43.22,88.32300000000001,17.5 , 11/18/2016 , 20:32:25
781,43.0,88.231,16.1 , 11/18/2016 , 20:35:25
782,42.79,88.22300000000001,15.9 , 11/18/2016 , 20:38:25
783,41.91,88.226,16.2 , 11/18/2016 , 20:41:25
784,40.96,88.22200000000001,13.7 , 11/18/2016 , 20:44:25
785,39.33,88.18400000000001,14.0 , 11/18/2016 , 20:47:25
786,37.42,88.17500000000001,14.2 , 11/18/2016 , 20:50:26
787,35.97,88.17000000000002,21.0 , 11/18/2016 , 20:53:26
